StoreNo,StoreName,YEAR,ATV,GOB,GOBE,Card_Sold,PWP,IPB,BCR,CCR
145,MENTAKAB,2025,53.8,0.1184,0.3556,600,0.2652,3.7,0.6342,0.5855
308,TRIANG PAHANG,2025,50.5,0.1151,0.335,460,0.2967,3.7,0.7218,0.7197
324,TEMERLOH MALL,2025,45.2,0.117,0.3473,600,0.2578,3.4,0.6181,0.4128
416,TEMERLOH,2025,51.3,0.1106,0.3479,930,0.2696,3.6,0.6651,0.7855
422,BERA,2025,54.8,0.1045,0.3449,740,0.2805,3.8,0.672,0.6163
447,STAR MALL MENTAKAB,2025,43,0.1273,0.3249,400,0.2695,3.2,0.607,0.4121
497,KUALA LIPIS,2025,44.3,0.1177,0.3114,600,0.3307,3.5,0.826,0.6283
560,TF BERA,2025,43,0.1388,0.3422,420,0.3165,3.1,0.6919,0.6353
697,MYDIN JENGKA,2025,43,0.1185,0.3289,560,0.2547,3.1,0.5832,0.5136
2008,JERANTUT,2025,54,0.1168,0.3517,880,0.2814,3.7,0.6909,0.8178
2058,JENGKA,2025,47.9,0.104,0.343,970,0.2613,3.5,0.6426,0.6204
2170,PUSAT PERNIAGAAN BARRY,2025,54,0.1059,0.358,740,0.3032,3.7,0.6644,0.5159
2203,JERANTUT 2,2025,47.6,0.1165,0.345,460,0.309,3.6,0.8218,0.5552
80,MID POINT SHOPPING CENTRE,2025,43,0.1575,0.3396,400,0.2174,3,0.5201,0.4777
97,DESA PANDAN,2025,44.3,0.1058,0.3,1070,0.2996,3.4,0.7,0.6903
114,TAMAN PERTAMA CHERAS,2025,43,0.128,0.3152,420,0.2452,3,0.6381,0.5616
195,LOTUS'S AMPANG,2025,45,0.1088,0.3288,650,0.2402,3.4,0.5704,0.6133
465,SUNWAY VELOCITY MALL,2025,52.2,0.1042,0.3987,2180,0.2476,3.3,0.6626,0.5028
504,MYTOWN,2025,46.7,0.1,0.3733,1810,0.1705,3.1,0.6203,0.4188
562,DWITASIK CHERAS,2025,52.6,0.1035,0.3228,740,0.2471,3.7,0.6399,0.8135
640,AEON TAMAN MALURI,2025,47.3,0.1036,0.3902,1390,0.2274,3.2,0.6588,0.4602
658,SRI PERMAISURI,2025,43,0.1241,0.3121,400,0.1981,3,0.6186,0.6194
191,BENTONG,2025,43,0.121,0.3294,400,0.2695,3.2,0.6251,0.5544
214,TAMAN PERMATA,2025,45,0.127,0.3124,460,0.2689,3.6,0.6254,0.7212
291,MEDAN IDAMAN,2025,48.6,0.1188,0.33,1110,0.2705,3.5,0.5726,0.6387
398,RAUB PAHANG,2025,49.6,0.1104,0.3229,740,0.2946,3.4,0.9014,0.688
515,MELAWATI MALL,2025,47.8,0.114,0.3629,1670,0.266,3.5,0.692,0.7925
594,AEON BIG WANGSA MAJU,2025,46,0.1214,0.3468,740,0.2881,3.4,0.7499,0.3846
650,KL TRADERS,2025,43,0.1226,0.3315,510,0.2654,3.2,0.6493,0.6351
666,KL EAST MALL,2025,55,0.1059,0.3906,1160,0.2721,3.8,0.583,0.5277
667,WANGSA WALK,2025,47.1,0.1176,0.3593,2040,0.2576,3.4,0.6113,0.6317
2071,RAUB 2,2025,49.3,0.1143,0.3866,600,0.2417,3.3,0.8266,0.5492
2136,BENTONG 2,2025,50.8,0.1174,0.3694,650,0.2856,3.6,0.8383,0.6412
2193,BENTONG PRIMA,2025,52.1,0.1029,0.3618,880,0.2823,3.7,0.7042,0.5248
20,AMPANG POINT SHOPPING,2025,54.2,0.1,0.3766,510,0.1966,3.5,0.5679,0.4912
53,JALAN CHENG LOCK,2025,43,0.1119,0.3866,400,0.2156,3,0.45,0.3705
91,GREAT EASTERN MALL,2025,48.7,0.1149,0.3893,400,0.2648,3.5,0.5983,0.4827
412,WISMA HB,2025,43,0.1316,0.3509,400,0.1899,3,0.5526,0.6779
450,AVENUE K,2025,49,0.1016,0.4132,460,0.1981,3.3,0.665,0.4076
453,JALAN TUN PERAK,2025,43,0.1413,0.358,400,0.2133,3.2,0.6063,0.4447
464,SURIA KLCC,2025,65.2,0.1,0.4403,2040,0.2121,3.8,0.5508,0.4471
483,JAKEL MALL,2025,43,0.1252,0.329,400,0.2481,3.1,0.4773,0.35
489,SOGO,2025,45.6,0.1137,0.381,420,0.215,3.1,0.5285,0.3883
566,INTERMARK,2025,45.6,0.1154,0.4097,400,0.2202,3.2,0.656,0.4432
585,M CITY AMPANG,2025,49.1,0.1075,0.3665,400,0.2162,3.4,0.581,0.7574
662,PETRONAS JALAN KOLAM AYER LAMA,2025,49.5,0.1159,0.3414,400,0.2347,3.5,0.5252,0.6375
70,JALAN SULTAN ISMAIL,2025,43,0.1133,0.3415,1020,0.2396,3.3,0.6344,0.4842
223,PAVILION KL SHOPPING,2025,71.9,0.1,0.4484,8730,0.2186,3.8,0.6137,0.4999
253,TIMES SQUARE,2025,47.5,0.1,0.3651,1210,0.2396,3.2,0.6086,0.4985
287,BERJAYA TIMES SQ 2,2025,44.4,0.1,0.3323,400,0.2448,3.2,0.5844,0.35
312,SUNGAI WANG PLAZA,2025,45.1,0.1088,0.3797,970,0.2248,3.2,0.6194,0.35
602,QUILL CITY,2025,43,0.1257,0.3432,600,0.2302,3.1,0.5525,0.531
637,SUNWAY PUTRA,2025,49.7,0.1043,0.3859,1720,0.2394,3.4,0.603,0.5855
646,PLAZA LOW YAT,2025,43,0.1178,0.3242,420,0.2174,3,0.6304,0.4276
2191,THE EXCHANGE TRX,2025,56.1,0.1,0.4685,4640,0.2398,3.2,0.5439,0.35
79,PUSAT BANDAR RAWANG,2025,49,0.1257,0.3265,400,0.2197,3.4,0.6411,0.5676
238,LOTUS'S RAWANG,2025,43,0.1275,0.3215,510,0.2244,3.2,0.6647,0.5061
289,AEON RAWANG,2025,47.9,0.1211,0.3669,790,0.2196,3.3,0.5661,0.3764
2018,CALTEX BATANG KALI,2025,50.3,0.1233,0.3584,650,0.2567,3.7,0.6454,0.613
2022,BUKIT SENTOSA RAWANG,2025,45.7,0.115,0.333,600,0.241,3.3,0.71,0.5987
2092,LOTUS'S BKT BERUNTUNG,2025,43,0.1352,0.3274,460,0.2172,3,0.688,0.3964
2099,BDR TASIK PUTERI,2025,45.3,0.1246,0.3399,650,0.2272,3.4,0.7176,0.5488
2115,CALTEX ULU YAM,2025,46.6,0.1231,0.3155,420,0.2893,3.6,0.7338,0.5689
2189,ANGGUN CITY RAWANG,2025,76.1,0.1,0.4243,970,0.2358,4.5,0.45,0.4395
35,KUANTAN PARADE,2025,48.1,0.1216,0.3797,790,0.2541,3.6,0.6263,0.575
43,BERJAYA MEGAMALL,2025,43,0.1124,0.4114,460,0.2061,3.3,0.6269,0.4878
192,PEKAN,2025,52.7,0.1064,0.3753,880,0.2105,3.7,0.6373,0.7274
193,JALAN BESERAH,2025,62.8,0.1115,0.3766,1110,0.2323,4,0.6667,0.7445
208,JALAN TUN ISMAIL,2025,47.3,0.1191,0.3217,600,0.2686,3.5,0.6524,0.6219
345,MUADZAM SHAH PAHANG,2025,43,0.1195,0.3034,400,0.2449,3.2,0.635,0.6822
383,EAST COAST MALL,2025,45.7,0.1064,0.3543,1350,0.2069,3.3,0.6267,0.35
399,TAMAN TAS KUANTAN,2025,51.6,0.1076,0.331,1300,0.2358,3.7,0.6278,0.6825
531,KUANTAN CITY MALL,2025,47.5,0.1066,0.3834,600,0.2403,3.4,0.6217,0.4321
2005,JALAN AIR PUTIH,2025,47.8,0.1339,0.3191,400,0.2942,3.4,0.6707,0.6071
2041,JLN GAMBANG KUANTAN,2025,48,0.1225,0.3464,510,0.2364,3.6,0.6299,0.582
2155,LOTUS'S INDERA MAHKOTA,2025,45,0.1261,0.3726,1020,0.2139,3.3,0.5819,0.35
2164,MUADZAM SHAH 2,2025,49.4,0.1078,0.3497,740,0.2828,3.6,0.6848,0.5389
2196,BALOK SENTRAL,2025,51.6,0.1043,0.3637,650,0.2383,3.6,0.6571,0.5692
2246,KUALA ROMPIN,2025,54.2,0.1108,0.3539,400,0.232,3.7,0.6234,0.5554
19,AEON ALPHA ANGLE,2025,45.5,0.1133,0.3666,1350,0.2454,3.4,0.6215,0.4059
78,JALAN GENTING KLANG,2025,43,0.1129,0.3,400,0.182,3.1,0.7073,0.5748
82,DESA SETAPAK,2025,43,0.1462,0.3174,460,0.2988,3,0.5987,0.6735
113,WAWASAN AMPANG,2025,43,0.1161,0.3157,420,0.2619,3,0.6148,0.728
230,AEON AU2 SHOPPING CENTRE,2025,47.6,0.1124,0.338,970,0.2561,3.5,0.6206,0.5616
275,SETAPAK CENTRAL,2025,53.3,0.1055,0.376,3340,0.2899,3.6,0.6751,0.5038
541,PLAZA CRYSTALVILLE,2025,43,0.1354,0.3487,790,0.2702,3,0.6383,0.663
631,AEON BIG AMPANG,2025,43,0.1356,0.3231,420,0.237,3.3,0.6673,0.6289
636,DATARAN JELATEK,2025,43,0.1237,0.3352,400,0.2155,3.2,0.4849,0.7268
2013,PETRON UKAY PERDANA,2025,47.2,0.117,0.3094,400,0.2562,3.6,0.58,0.6245
2100,SRI RAMPAI,2025,44.3,0.1184,0.3297,930,0.3086,3.3,0.5348,0.5421
9,SELAYANG MALL,2025,55.6,0.1113,0.3566,4270,0.3491,4,0.6509,0.4495
63,SRI GOMBAK,2025,50.2,0.1202,0.3201,1390,0.2743,3.7,0.6074,0.635
77,AEON KEPONG,2025,52.5,0.1082,0.3958,1580,0.2256,3.4,0.5544,0.6586
131,FIRST WORLD HOTEL,2025,43,0.1,0.3,970,0.1839,3,0.5591,0.6121
212,AEON BIG KEPONG,2025,43,0.1338,0.3359,840,0.2297,3,0.6547,0.379
246,LOTUS'S KEPONG,2025,51.6,0.1475,0.3894,1810,0.2559,3.5,0.5314,0.4556
586,DATARAN TEMPLER,2025,47.8,0.1223,0.3017,2130,0.299,3.6,0.5932,0.7192
619,SKY AVENUE,2025,44.1,0.1,0.3829,600,0.1959,3.4,0.5029,0.35
655,LOTUS'S SELAYANG,2025,42.9,0.1162,0.3411,560,0.2086,3.2,0.4715,0.4284
2063,LAMAN RIMBUNAN KEPONG,2025,55.4,0.1269,0.4046,1070,0.2637,3.6,0.6077,0.4777
2248,168 PARK SELAYANG,2025,43,0.1,0.3,400,0.17,3,0.45,0.35
2258,SKY AVENUE 2,2025,43,0.1,0.3,400,0.17,3,0.45,0.35
40,MEGAMALL PINANG SHOP,2025,43.9,0.1087,0.3358,510,0.236,3.3,0.5574,0.5049
272,KULIM CENTRAL,2025,49.3,0.1357,0.4101,1160,0.243,3.2,0.6131,0.355
284,LOTUS'S BUKIT MERTAJAM,2025,47.2,0.1152,0.3591,840,0.2403,3.3,0.6219,0.3703
369,AEON BUKIT MERTAJAM,2025,57.1,0.1156,0.4046,2000,0.2678,3.5,0.6409,0.3873
421,LOTUS'S KULIM,2025,44.1,0.1228,0.3473,700,0.2333,3.2,0.5475,0.4641
522,MYDIN BUKIT MERTAJAM,2025,43,0.1422,0.3584,1250,0.2522,3,0.5741,0.3959
540,BANDAR PERDA,2025,55.7,0.1354,0.3832,700,0.2609,3.8,0.6214,0.6456
2029,AUTO CITY,2025,66.5,0.1297,0.4537,840,0.2625,4.1,0.6035,0.5
2081,GRAVITAS PENANG,2025,56,0.1471,0.4113,1300,0.3162,3.9,0.6393,0.5404
2112,SERAI WANGI MALL,2025,47.3,0.131,0.3881,1020,0.2519,3.3,0.5897,0.35
2140,MAJU UTAMA,2025,54,0.1222,0.3679,420,0.2561,3.5,0.5861,0.5747
2157,KULIM LANDMARK CITY,2025,53,0.1182,0.373,650,0.2512,3.5,0.6453,0.5514
2261,KELANG LAMA SQUARE KULIM,2025,43,0.1,0.3,400,0.17,3,0.45,0.35
7,KOMPLEKS M.P.K.S.,2025,43,0.1385,0.3672,1810,0.3553,3.3,0.6568,0.4351
123,STAR PARADE,2025,45.9,0.124,0.3819,790,0.3042,3.4,0.6421,0.35
182,MEDAN PUTRA,2025,44.1,0.138,0.3215,1210,0.3489,3.4,0.6282,0.5014
183,PEKAN SIMPANG KUALA,2025,50.5,0.134,0.3393,420,0.3547,3.6,0.7528,0.6039
184,PERSIARAN SULTAN ABD,2025,46.9,0.136,0.3245,600,0.324,3.5,0.6918,0.6842
261,ALOR STAR MALL,2025,46.1,0.1436,0.359,1440,0.2947,3.2,0.6555,0.4574
394,LOTUS'S MERGONG,2025,44.8,0.1419,0.3778,3940,0.2682,3.2,0.6293,0.38
401,JERAI PLAZA,2025,52.2,0.1554,0.4002,1860,0.3976,3.7,0.7707,0.4823
592,LOTUS'S STARGATE,2025,43,0.1443,0.3273,510,0.3409,3.2,0.6646,0.465
654,AMAN CENTRAL,2025,51.9,0.107,0.3687,5750,0.3176,3.5,0.7229,0.35
2106,PENDANG KEDAH,2025,52.2,0.1329,0.3686,1950,0.3516,3.8,0.7046,0.5696
2163,GUAR CHEMPEDAK,2025,46.7,0.1339,0.3693,2090,0.3562,3.5,0.7263,0.5779
2186,CONVENT ALOR SETAR,2025,48.2,0.1245,0.382,1440,0.3471,3.6,0.686,0.4723
154,PARIT BUNTAR,2025,50,0.1131,0.3725,600,0.2373,3.3,0.6632,0.7091
185,TAIPING,2025,44.2,0.1288,0.3153,510,0.3497,3.3,0.7009,0.7349
301,BAGAN SERAI,2025,49.9,0.1004,0.3,420,0.2448,3.6,0.6393,0.6516
309,TAIPING SENTRAL MALL,2025,45.1,0.1195,0.371,400,0.253,3.3,0.6227,0.35
382,KERIAN SENTRAL,2025,43,0.1361,0.3956,1390,0.25,3.1,0.6246,0.4916
384,AEON MALL TAIPING,2025,45.5,0.1197,0.3667,560,0.218,3.2,0.615,0.4361
409,GERIK,2025,46.3,0.1406,0.3463,460,0.2576,3.4,0.6717,0.7037
472,LOTUS'S TAIPING,2025,45.3,0.1317,0.3477,790,0.2923,3.4,0.6442,0.4935
671,C-MART NIBONG TEBAL,2025,44.4,0.1308,0.3836,650,0.252,3.1,0.6435,0.4171
2016,KUALA KANGSAR,2025,49.4,0.1217,0.3754,700,0.2212,3.4,0.6554,0.581
2070,SELAMA PERAK,2025,46.1,0.1258,0.344,460,0.2498,3.5,0.627,0.5635
2074,LENGGONG PERAK,2025,43.9,0.1193,0.3201,400,0.2705,3.2,0.7632,0.5199
2090,SUNGAI BAKAP PENANG,2025,53.2,0.1226,0.3686,420,0.2914,3.6,0.6029,0.5573
310,AEON BIG PNANG PRAI,2025,43,0.1415,0.3388,700,0.2788,3.2,0.6308,0.35
335,SUNSHINE BERTAM,2025,48,0.1278,0.4145,880,0.281,3.4,0.7495,0.5671
337,LOTUS'S SEBERANG JAYA,2025,43.5,0.1498,0.3877,1020,0.2688,3.2,0.6176,0.4771
471,DESIGN VILLAGE,2025,46.2,0.1225,0.3799,400,0.2031,3.3,0.637,0.562
505,LOTUS'S BERTAM PERDANA,2025,51.3,0.1623,0.3894,1950,0.3097,3.6,0.6519,0.4774
612,LOTUS'S BAGAN AJAM,2025,45.6,0.1595,0.3477,740,0.2838,3.2,0.6328,0.4756
668,PEARL CITY MALL,2025,43,0.1418,0.3461,600,0.2383,3,0.5887,0.5421
2113,ICONIC POINT,2025,53.5,0.1245,0.3829,740,0.3277,3.5,0.7116,0.4168
2126,JLN ONG YI HOW,2025,58.9,0.1638,0.4151,1760,0.338,3.8,0.6533,0.5419
2132,JALAN RAJA UDA,2025,54.5,0.1397,0.3791,1110,0.3211,3.7,0.6249,0.4976
2234,SUNWAY CARNIVAL T,2025,53.3,0.1219,0.4276,650,0.281,3.4,0.6595,0.35
71,CENTRAL SQUARE SUNGAI PETANI,2025,43,0.1401,0.3682,790,0.2991,3.1,0.6127,0.4444
234,LOTUS'S SG PETANI,2025,50.7,0.1321,0.3855,1300,0.2961,3.5,0.6237,0.3636
315,AMANJAYA MALL,2025,49.7,0.1437,0.3913,5570,0.3273,3.4,0.836,0.35
378,BALING,2025,52.1,0.1151,0.3652,1250,0.2704,3.6,0.6762,0.8381
379,VILLAGE MALL,2025,51.7,0.1739,0.424,840,0.323,3.5,0.6293,0.6364
445,LOTUS'S SG.PETANI 2,2025,43,0.1552,0.3403,840,0.306,3.1,0.5897,0.35
624,TAMAN SEJATI,2025,47.1,0.1451,0.3208,840,0.3393,3.5,0.6481,0.5547
2051,KUALA KETIL,2025,50.2,0.1444,0.3581,1760,0.3395,3.6,0.638,0.6266
2062,LOTUS'S BDR PUTERI JAYA,2025,46.4,0.1331,0.3568,2270,0.3288,3.4,0.6838,0.4956
2125,CALTEX LEGENDA HEIGHTS,2025,56.4,0.1317,0.3735,1020,0.348,3.9,0.6511,0.5722
2213,RIVERFRONT SUNGAI PETANI,2025,51,0.1246,0.3948,1350,0.3533,3.6,0.6598,0.4482
2223,TAMAN TUANKU HAMINAH,2025,49.2,0.1311,0.3613,420,0.3672,3.5,0.5864,0.5057
95,LOTUS'S PENANG E GATE,2025,43,0.1332,0.3087,650,0.2657,3,0.7376,0.35
174,IDEAL AVENUE PENANG,2025,43,0.1481,0.3302,600,0.3144,3.2,0.6877,0.6316
215,QUEENSBAY MALL,2025,53,0.1,0.4168,1670,0.2793,3.1,0.6828,0.417
286,VANTAGE POINT,2025,51.7,0.1125,0.3609,600,0.2615,3.4,0.7137,0.7544
307,KOMPLEKS BUKIT JAMBUL,2025,48.9,0.1163,0.3341,2920,0.3839,3.2,0.6911,0.4497
446,LOTUS'S PENANG SUNGAI DUA,2025,43,0.155,0.3618,560,0.2679,3,0.6829,0.4635
496,FARLIM,2025,43,0.1547,0.3132,400,0.3508,3.1,0.6943,0.5017
516,QUEENSBAY MALL 2,2025,47.8,0.1201,0.4675,400,0.2865,3,0.7114,0.35
533,SUNSHINE SQUARE,2025,43,0.138,0.3778,510,0.274,3,0.7184,0.3941
578,BALIK PULAU,2025,43,0.144,0.3261,400,0.3608,3.3,0.664,0.6739
2026,BOTANICA BALIK PULAU,2025,49.9,0.1193,0.415,600,0.3097,3.4,0.651,0.4857
2103,ALL SEASONS PLACE,2025,47.2,0.1246,0.4094,460,0.294,3.3,0.615,0.3927
2250,SUNSHINE MALL,2025,43.9,0.1297,0.4067,400,0.3529,3.1,0.6862,0.35
209,PEKAN JITRA 2,2025,52.9,0.1097,0.329,1760,0.3066,3.7,0.5845,0.7487
244,KOMPLEKS ARAU,2025,47.5,0.1355,0.3815,4080,0.3696,3.5,0.7612,0.4913
306,KUALA NERANG KEDAH,2025,43,0.1296,0.3008,970,0.3374,3.3,0.857,0.4927
376,LOTUS'S JITRA,2025,43,0.1415,0.3067,2230,0.2739,3,0.5865,0.4407
414,C-MART JITRA,2025,46.4,0.1093,0.3432,1440,0.2866,3.4,0.6752,0.473
557,JETTY POINT,2025,43,0.1411,0.3515,400,0.17,3,0.45,0.4656
577,LANGKAWI CITY,2025,47.5,0.1371,0.3544,400,0.2071,3.5,0.45,0.7446
633,KOMPLEKS CHANGLOON,2025,43,0.1267,0.3522,2830,0.2504,3.1,0.5952,0.5116
2028,KANGAR,2025,60.7,0.1206,0.3681,5060,0.3201,4.2,0.6767,0.653
2078,PEKAN KUAH,2025,46.4,0.1234,0.3318,400,0.2192,3.5,0.4844,0.5328
2200,SHELL JALAN HUTAN KAMPUNG,2025,50.2,0.1203,0.3265,2180,0.3039,3.7,0.5845,0.6457
2210,SENA CENTRAL,2025,49.2,0.105,0.3604,650,0.2582,3.5,0.6543,0.5245
42,KOMTAR,2025,43,0.1466,0.3231,740,0.282,3.1,0.7303,0.35
55,PRANGIN MALL,2025,43.5,0.1111,0.3619,840,0.2303,3.1,0.6582,0.3784
56,GURNEY PLAZA,2025,59.7,0.1,0.4119,3940,0.2135,3.5,0.5497,0.35
84,PRIMA TANJUNG PENANG,2025,43,0.1618,0.3411,400,0.3227,3.1,0.7406,0.6378
258,1ST AVENUE,2025,43,0.1443,0.3763,1250,0.2145,3.2,0.6509,0.6272
390,LOTUS'S TANJUNG PINANG,2025,43.6,0.1421,0.3544,970,0.2708,3.1,0.6873,0.49
438,PRANGIN MALL 2,2025,43,0.1216,0.3601,560,0.2036,3.1,0.6322,0.4116
634,BURMAH ROAD,2025,45.9,0.1372,0.3865,400,0.2958,3.4,0.7165,0.6014
648,MACALISTER VISTA,2025,43,0.1414,0.3754,560,0.2698,3.4,0.6747,0.6804
2142,GURNEY PARAGON T,2025,47.5,0.1205,0.425,600,0.2123,3.2,0.6399,0.35
2249,GURNEY PLAZA 2,2025,50.2,0.1107,0.4713,400,0.1772,3.3,0.5067,0.35
156,AEON SEREMBAN 2,2025,59.1,0.1,0.3759,6780,0.3273,3.6,0.7057,0.4664
348,SEREMBAN PRIMA MALL,2025,43,0.1251,0.3618,700,0.1731,3.2,0.4732,0.419
381,PALM MALL,2025,47,0.0997,0.3753,1210,0.2339,3.3,0.5038,0.4241
433,LOTUS'S SEREMBAN 2,2025,43,0.1317,0.3526,400,0.2233,3.1,0.45,0.5394
462,CENTREPOINT SEREMBAN,2025,43,0.138,0.377,510,0.2644,3.2,0.45,0.3831
564,MYDIN SEREMBAN 2,2025,45.9,0.1083,0.3502,400,0.186,3.3,0.45,0.5549
638,SEREMBAN GATEWAY,2025,50,0.1209,0.3513,420,0.1765,3.3,0.4761,0.5358
2038,SEREMBAN TOWN,2025,61.9,0.1106,0.3722,1350,0.3982,4,0.6343,0.5265
2095,SIKAMAT,2025,43.2,0.1231,0.3618,400,0.266,3.2,0.45,0.5713
2109,CALTEX TEMIANG,2025,45.6,0.116,0.344,400,0.2579,3.4,0.545,0.5121
263,AEON MELAKA,2025,59.4,0.1166,0.3973,4080,0.366,3.9,0.726,0.3732
356,JASIN MELAKA,2025,49.9,0.1254,0.3193,790,0.362,3.7,0.6353,0.6245
641,MYDIN JASIN,2025,46.9,0.1232,0.3449,970,0.3538,3.5,0.6279,0.5088
2007,DUYUNG BESTARI,2025,53.2,0.1352,0.3538,1160,0.3296,3.8,0.5119,0.7134
2030,AYER KEROH HEIGHTS,2025,48.6,0.1175,0.3,740,0.331,3.5,0.6392,0.5603
2047,BKT BARU MELAKA,2025,51.3,0.1258,0.3444,1160,0.3793,3.8,0.6667,0.562
2056,MERLIMAU,2025,54.4,0.122,0.3472,1110,0.3552,3.9,0.6427,0.5736
2086,JASIN BESTARI,2025,55.3,0.1176,0.3678,1070,0.3283,3.8,0.5665,0.4597
2256,TELOK MAS MELAKA,2025,43,0.1,0.3,400,0.17,3,0.45,0.35
23,PLAZA METRO KAJANG,2025,49.6,0.1013,0.3825,700,0.2413,3.3,0.495,0.4554
157,SEMENYIH,2025,47.8,0.123,0.319,400,0.3403,3.5,0.5888,0.6126
460,LOTUS'S SEMENYIH,2025,43,0.1259,0.3219,400,0.2551,3.2,0.514,0.5054
493,PEARL AVENUE,2025,52,0.1081,0.3537,460,0.2583,3.6,0.4717,0.7897
495,LOTUS'S KAJANG,2025,46.9,0.1172,0.3486,420,0.264,3.3,0.471,0.4884
503,METRO POINT COMPLEX,2025,48.2,0.1081,0.362,1250,0.2596,3.4,0.5776,0.3751
617,MYDIN MALL SEMENYIH,2025,43,0.1248,0.3409,400,0.2563,3.1,0.5177,0.683
643,BANDAR KAJANG,2025,43,0.1131,0.3213,400,0.2761,3.1,0.6168,0.6405
657,VISTA VALLEY,2025,45.5,0.1303,0.3279,400,0.3001,3.2,0.5664,0.6015
2048,TMN PELANGI SEMENYIH,2025,44.8,0.1102,0.3169,400,0.2594,3.4,0.6232,0.5665
2094,TTDI GROVE,2025,47.9,0.1181,0.3223,400,0.3018,3.5,0.5109,0.5002
2105,ECOHILL SEMENYIH,2025,50.1,0.1188,0.3858,880,0.2686,3.5,0.5251,0.35
2254,ECOHILL TAIPAN SEMENYIH,2025,43,0.1,0.3,400,0.17,3,0.45,0.35
122,TAMPIN,2025,49.1,0.1101,0.3467,650,0.2625,3.3,0.45,0.6612
235,AEON BANDARAYA MELAKA,2025,52.4,0.1056,0.3664,6400,0.2971,3.5,0.7257,0.7538
467,MYDIN PULAU SEBANG,2025,43,0.1213,0.3483,880,0.286,3.1,0.45,0.443
568,FREEPORT A'FAMOSA,2025,44.7,0.1281,0.3621,2040,0.3207,4,0.6179,0.6148
674,CALTEX LEBUH SPA,2025,52.3,0.1254,0.3349,400,0.3248,3.8,0.5868,0.6628
2015,JELATANG ALOR GAJAH,2025,49,0.1183,0.3482,3300,0.3613,3.5,0.6791,0.6508
2059,ONE KRUBONG,2025,58.9,0.1232,0.3626,740,0.2994,4.1,0.6149,0.5315
2069,SUNGAI UDANG,2025,54.3,0.1119,0.3664,2040,0.3067,3.8,0.5877,0.7051
2096,MASJID TANAH MELAKA,2025,59.3,0.1356,0.4322,6920,0.5568,4.2,0.899,0.5339
2197,MALIM JAYA,2025,68.8,0.1148,0.4124,2090,0.3062,4,0.5821,0.5262
2199,KUALA SUNGAI BARU,2025,47.2,0.1179,0.3534,2000,0.2981,3.5,0.7563,0.4928
199,BAHAU,2025,55.2,0.1152,0.3634,840,0.3071,3.8,0.5865,0.7205
288,SEGAMAT CENTRAL,2025,43,0.1165,0.3638,420,0.2704,3.2,0.5895,0.35
338,SEGAMAT TWO,2025,53,0.1208,0.3416,400,0.3288,3.6,0.4866,0.5323
343,KIARA SQUARE BAHAU,2025,45.3,0.1141,0.3628,650,0.316,3.4,0.6096,0.3499
418,LOTUS'S BAHAU,2025,49,0.1171,0.3771,420,0.3293,3.6,0.6134,0.6571
468,JALAN UTAMA SEGAMAT,2025,51.9,0.1301,0.3138,400,0.284,3.8,0.5667,0.7237
470,LABIS JOHOR,2025,51.9,0.1245,0.3423,400,0.2971,3.8,0.6086,0.6223
676,U SENTRAL SEGAMAT,2025,47.4,0.1201,0.3568,600,0.2826,3.3,0.511,0.3509
2014,KUALA PILAH,2025,47.4,0.1095,0.3569,790,0.2906,3.5,0.5405,0.845
2083,HARMONI GEMAS,2025,56.2,0.1149,0.3768,700,0.4797,4,0.8646,0.4819
102,PORT DICKSON,2025,52.1,0.1347,0.3384,1580,0.4032,3.8,0.5734,0.6281
117,TAIPAN SENAWANG,2025,53.6,0.1364,0.3389,1250,0.3624,3.9,0.6593,0.7415
423,LOTUS'S SEREMBAN JAYA,2025,43,0.1229,0.3398,700,0.3139,3.1,0.5259,0.4464
439,LOTUS'S LUKUT,2025,47.2,0.1166,0.3502,930,0.3792,3.4,0.5185,0.4813
458,MYDIN MALL SENAWANG,2025,46.9,0.133,0.4009,510,0.2965,3.4,0.521,0.4947
565,KIP SENAWANG,2025,43,0.1268,0.3407,400,0.3249,3.3,0.587,0.6539
685,SUNGGALA GATEWAY,2025,51.7,0.1218,0.3464,2370,0.3836,3.8,0.5762,0.6377
690,SRI SENDAYAN,2025,52.5,0.1144,0.3682,1070,0.333,3.8,0.5471,0.7259
2043,REMBAU SENTRAL,2025,50.8,0.1138,0.3743,1440,0.3932,3.7,0.5606,0.5333
2111,CALTEX S2 HEIGHT,2025,50.6,0.1371,0.333,400,0.3796,3.9,0.6327,0.5
2130,LUKUT TOWN,2025,49.1,0.1185,0.3136,840,0.3722,3.6,0.5431,0.5342
2209,RASAH PRIMA,2025,59.3,0.1097,0.4163,400,0.4257,3.9,0.5873,0.5271
2239,PD WATERFRONT,2025,52.8,0.1292,0.387,400,0.3709,4.1,0.5721,0.4227
2253,BANDAR PRIMA SENAWANG,2025,43,0.1,0.3,400,0.17,3,0.45,0.35
2257,MERCHANT SQUARE SENDAYAN,2025,43,0.1,0.3,400,0.17,3,0.45,0.35
5,MAHKOTA PARADE,2025,56.5,0.1,0.3765,4270,0.3352,3.9,0.5642,0.35
155,MELAKA RAYA,2025,49.4,0.1397,0.3291,400,0.2952,3.7,0.4758,0.5598
351,DATARAN PAHLAWAN TWO,2025,44,0.111,0.3866,650,0.2431,3.3,0.45,0.35
392,LOTUS'S MELAKA CHENG,2025,44.9,0.1325,0.3186,510,0.2922,3.3,0.6349,0.3997
512,DATARAN PAHLAWAN,2025,49.6,0.1036,0.3805,930,0.2912,3.5,0.4749,0.35
579,KIP MART MELAKA,2025,45.3,0.1095,0.367,740,0.2158,3.2,0.4878,0.4544
593,JONKER STREET,2025,43,0.1257,0.3064,400,0.1953,3,0.546,0.35
2153,BATU BERENDAM,2025,54.8,0.1224,0.3528,790,0.3678,3.9,0.579,0.5913
2247,GANGSA JAYA,2025,52.9,0.1235,0.3513,400,0.3061,3.7,0.6033,0.4996
161,DESA CEMPAKA,2025,46.1,0.1144,0.3125,420,0.2651,3.5,0.5162,0.7188
370,SUNGAI PELEK,2025,50.5,0.1272,0.3134,840,0.3351,3.6,0.6145,0.6686
415,9 AVENUE MALL,2025,58.6,0.1153,0.3917,1860,0.3188,3.9,0.5628,0.7301
459,LOTUS'S BDR PUTERI BANGI,2025,43.1,0.1336,0.3193,560,0.3131,3.4,0.5372,0.443
513,MESAMALL,2025,45.1,0.1167,0.3892,930,0.295,3.3,0.567,0.4626
550,BANDAR SERI PUTRA,2025,49.7,0.1112,0.3477,600,0.2533,3.4,0.5217,0.66
601,CS BANGI,2025,43.2,0.118,0.3336,400,0.2724,3.3,0.5421,0.614
605,AEON NILAI,2025,55,0.1023,0.3818,2230,0.2991,3.6,0.5405,0.5269
653,BANDAR BARU ENSTEK,2025,51.7,0.1128,0.3682,420,0.2939,3.7,0.6353,0.6386
2044,KLIA QUARTERS,2025,43.6,0.1098,0.3136,400,0.3022,3.3,0.5142,0.5672
2133,BANDAR BARU NILAI,2025,56.4,0.1,0.3725,420,0.2893,3.9,0.4754,0.5824
2180,SOUTHVILLE CITY,2025,47.8,0.121,0.3604,1160,0.2745,3.6,0.6806,0.5749
48,IPOH PARADE,2025,50.6,0.1061,0.4015,4970,0.2577,3.2,0.5859,0.3514
300,AEON IPOH STATION 18,2025,53.3,0.1071,0.3958,4270,0.2783,3.3,0.5782,0.4015
395,TIN VILLAGE MALL,2025,43,0.1246,0.3841,840,0.2241,3,0.5502,0.6578
397,BATU GAJAH,2025,44.1,0.1321,0.3139,650,0.3911,3.4,0.6091,0.4718
428,LOTUS'S KAMPAR,2025,43.1,0.1187,0.3377,700,0.2586,3.1,0.5487,0.4809
502,LOTUS'S IPOH STATION 18,2025,43,0.1104,0.3213,650,0.2173,3.1,0.4623,0.5318
588,ANGSANA IPOH MALL,2025,43,0.1324,0.3376,420,0.2258,3,0.5394,0.3598
2053,GREENTOWN IPOH,2025,49.9,0.1331,0.3339,840,0.3028,3.6,0.5594,0.5588
2060,GUNUNG RAPAT,2025,57.6,0.1233,0.4009,2090,0.2418,3.7,0.4829,0.5129
2061,LOTUS'S PULAI HARTAMAS,2025,46.3,0.1365,0.3399,970,0.3022,3.4,0.5946,0.35
2084,SIMPANG PULAI,2025,54.4,0.113,0.342,840,0.3255,3.9,0.5638,0.602
2150,BATU GAJAH PERDANA,2025,55.7,0.1098,0.3534,650,0.324,3.8,0.6492,0.5761
2154,JALAN TERMINAL KAMPAR,2025,49.6,0.1148,0.3616,970,0.2655,3.4,0.5053,0.5107
89,PLAZA SHAH ALAM,2025,48,0.1161,0.3649,460,0.2491,3.5,0.5472,0.6167
149,SACC MALL,2025,44.9,0.1138,0.3715,400,0.2206,3.4,0.45,0.5043
251,PLAZA ALAM SENTRAL,2025,43,0.1121,0.3466,400,0.1859,3.1,0.5209,0.3563
349,AEON BUKIT RAJA,2025,48.7,0.1071,0.3565,600,0.2395,3.4,0.4976,0.4376
473,JALAN NANAS,2025,45,0.1198,0.304,600,0.2722,3.4,0.5443,0.5401
485,SEKSYEN 16,2025,48.1,0.1071,0.3299,510,0.2413,3.5,0.5674,0.8191
499, SEKSYEN 7,2025,45.8,0.1157,0.3647,1070,0.2183,3.4,0.6183,0.7568
610,CENTRAL I-CITY,2025,49.1,0.1,0.37,2410,0.2419,3.2,0.5427,0.5029
2050,SECTION 20,2025,46.6,0.1058,0.3337,600,0.2571,3.4,0.5972,0.725
2147,IMPIAN PRISMA,2025,58.7,0.1092,0.35,560,0.2673,4,0.5883,0.6068
2160,TTDI JAYA,2025,47.1,0.1098,0.3372,650,0.2725,3.5,0.5901,0.5629
2188,CALTEX BUKIT RAJA,2025,43,0.1274,0.3071,400,0.2101,3.1,0.4881,0.5296
109,BUKIT TINGGI KLANG,2025,75.1,0.1001,0.3642,3710,0.3033,4.6,0.5964,0.7315
169,KUALA SELANGOR,2025,46.4,0.1338,0.3125,400,0.5192,3.8,0.8101,0.6831
245,MEDAN NIAGA KUALA SELANGOR,2025,45.7,0.1158,0.3194,650,0.2782,3.5,0.5813,0.6234
366,LOTUS'S KLANG,2025,46.1,0.1554,0.3812,650,0.2714,3.3,0.5888,0.4367
563,SEKINCHAN,2025,46.7,0.1227,0.3314,510,0.2611,3.4,0.4891,0.6454
623,LOTUS'S KUALA SELANGOR,2025,48.4,0.1248,0.3497,1250,0.3303,3.5,0.8826,0.4923
692,KLANG PARADE,2025,45.9,0.1204,0.3703,400,0.2502,3.2,0.6166,0.4828
2024,JALAN KEBUN NENAS,2025,55.9,0.1172,0.373,1070,0.3141,4,0.6248,0.6139
2072,SABAK BERNAM,2025,50.9,0.1149,0.3779,1900,0.3754,3.8,0.8987,0.5542
2076,SUNGAI BESAR,2025,52.2,0.1429,0.4036,1670,0.2805,3.7,0.6189,0.5688
2127,TANJUNG KARANG,2025,47.2,0.119,0.3016,1110,0.3417,3.5,0.5803,0.4706
2195,CALTEX BESTARI JAYA,2025,46.2,0.1146,0.3165,420,0.3126,3.5,0.6356,0.4979
115,BANTING,2025,48.3,0.1252,0.3299,510,0.2741,3.4,0.5472,0.6491
225,AEON BUKIT TINGGI SHOPPING,2025,58.7,0.1,0.3428,2510,0.245,3.6,0.5468,0.5428
406,LOTUS'S JENJAROM,2025,45.4,0.1341,0.3123,1210,0.2947,3.4,0.5758,0.4907
656,BANTING 2,2025,46.6,0.138,0.3181,560,0.2932,3.5,0.6233,0.5748
661,CALTEX KLANG,2025,48.1,0.1146,0.3,420,0.263,3.5,0.6285,0.7717
663,TELOK PANGLIMA GARANG,2025,50.5,0.1105,0.3081,1110,0.2733,3.7,0.7341,0.7999
2121,JENJAROM,2025,55.6,0.1098,0.3525,880,0.3421,3.9,0.6567,0.5648
2156,KSL ESPLANADE MALL,2025,50.9,0.1178,0.3734,880,0.301,3.6,0.5235,0.35
2171,BANTING 3,2025,64.6,0.1088,0.3661,700,0.2665,4.2,0.6019,0.5987
2178,TELUK PULAI,2025,48,0.1168,0.3472,1160,0.2611,3.5,0.5966,0.5699
2182,BUKIT TINGGI 2,2025,61.4,0.1095,0.3951,400,0.2648,3.7,0.555,0.5019
85,SHAH ALAM SEC. 18,2025,44.2,0.1248,0.3343,700,0.2547,3.3,0.5511,0.5736
240,AEON BIG BUKIT RIMAU,2025,45.9,0.1207,0.3199,420,0.2363,3.3,0.5709,0.4797
420,LOTUS'S SHAH ALAM,2025,43,0.1399,0.3183,420,0.2835,3.2,0.533,0.35
542,GAMUDA WALK,2025,51.8,0.1262,0.3612,600,0.2756,3.4,0.4623,0.5022
680,BANDAR SAUJANA PUTRA,2025,53.5,0.1061,0.3438,400,0.237,3.7,0.6131,0.6938
695,QUAYSIDE,2025,47.6,0.1241,0.3767,790,0.2322,3.4,0.45,0.6018
699,PETRONAS SEC 13,2025,44.8,0.1298,0.3079,600,0.3872,3.4,0.6481,0.6806
2003,AEON SHAH ALAM,2025,56.3,0.1121,0.3976,5750,0.3135,3.9,0.6207,0.4753
2151,BANDAR RIMBAYU,2025,57.2,0.1136,0.3645,460,0.2796,3.8,0.5666,0.533
2222,SRI MUDA,2025,50,0.111,0.3431,740,0.3208,3.5,0.6337,0.4871
2243,KOTA KEMUNING,2025,51.3,0.1371,0.3666,400,0.2634,3.5,0.5915,0.4772
2255,LOTUS'S BANDAR RIMBAYU,2025,43,0.1,0.3,400,0.17,3,0.45,0.35
148,TELUK INTAN,2025,61.1,0.1175,0.3667,1670,0.4278,4,0.8847,0.6862
266,TANJUNG MALIM,2025,44.5,0.1256,0.3138,740,0.2998,3.4,0.7286,0.5538
318,AEON SERI MANJUNG,2025,47.4,0.1089,0.3617,5200,0.2389,3.1,0.5459,0.3998
347,D MALL SERI ISKANDAR,2025,43,0.1145,0.3615,930,0.2911,3,0.755,0.4338
374,LOTUS'S MANJUNG,2025,43,0.1309,0.3317,1580,0.297,3.1,0.6385,0.4996
424,LOTUS'S SERI ISKANDAR,2025,43,0.1333,0.3378,560,0.3088,3.2,0.5095,0.4624
431,SLIM RIVER,2025,50.5,0.1082,0.332,1210,0.315,3.7,0.5962,0.6694
490,LOTUS'S TELUK INTAN,2025,47.7,0.1325,0.3475,1070,0.2849,3.5,0.6546,0.4532
2116,TANJONG MALIM 2,2025,53.2,0.1192,0.3692,1110,0.2807,3.9,0.6123,0.5225
2128,BEHRANG,2025,50.5,0.1232,0.3398,930,0.4833,3.9,0.7126,0.5752
2166,SITIAWAN PERAK,2025,59.6,0.1249,0.3839,1160,0.2774,3.9,0.802,0.6111
2215,AYER TAWAR,2025,51.3,0.1327,0.3924,510,0.3356,3.5,0.6195,0.5067
33,AEON KINTA CITY,2025,58.4,0.1,0.3861,4550,0.2893,3.6,0.5944,0.3968
105,LOTUS'S IPOH GARDEN,2025,43,0.1464,0.3452,400,0.2449,3,0.59,0.3865
121,JALAN AL-BAKRI,2025,43.4,0.1444,0.337,400,0.2527,3.3,0.6007,0.7511
221,LOTUS'S IPOH BERCHAM,2025,45.9,0.1219,0.371,600,0.2532,3.2,0.5226,0.4085
352,TANAH RATA CAMERON,2025,46.1,0.1261,0.3415,400,0.2611,3.7,0.4871,0.6071
426,TAPAH,2025,48.6,0.1286,0.354,930,0.3353,3.6,0.5414,0.6166
443,CAMERON SQUARE,2025,43,0.1463,0.3534,400,0.4082,3.7,0.556,0.4676
526,MYDIN MERU,2025,43,0.1354,0.3346,1720,0.2962,3.2,0.5635,0.4986
615,BERCHAM,2025,45.7,0.1444,0.3388,400,0.2151,3.2,0.5618,0.5694
2040,CAMERON CENTRUM,2025,43,0.1305,0.3698,460,0.2686,3.4,0.5204,0.4797
2093,KLEBANG RESTU,2025,53.9,0.1184,0.3583,1110,0.2901,3.7,0.5496,0.5509
2168,PUSAT PERNIAGAAN SILIBIN,2025,51.5,0.1133,0.3713,460,0.2622,3.4,0.5757,0.5151
44,SUMMIT SUBANG USJ,2025,43,0.1152,0.3615,400,0.17,3,0.4961,0.4344
75,SS 15,2025,43,0.1263,0.3142,400,0.2129,3,0.5698,0.5696
375,MAIN PLACE,2025,50,0.1178,0.384,2180,0.2406,3.4,0.603,0.3486
507,NU EMPIRE,2025,47.7,0.1224,0.4145,400,0.2019,3.2,0.6438,0.35
519,TAIPAN USJ,2025,48.5,0.1162,0.3816,650,0.2153,3.2,0.6029,0.5411
614,MYDIN SUBANG JAYA,2025,43,0.1213,0.3215,510,0.1982,3,0.4869,0.5312
626,SS15 TWO,2025,43,0.137,0.3433,400,0.2358,3,0.6005,0.574
2002,SS15 COURTYARD,2025,44.4,0.1108,0.3623,790,0.266,3,0.5794,0.3922
2006,NU EMPIRE 2,2025,51.1,0.1,0.3561,510,0.2414,3.2,0.622,0.4327
2064,PUTRA HEIGHTS,2025,56.2,0.1035,0.3742,510,0.2202,3.7,0.6509,0.8214
2244,SUBANG PARADE,2025,53.4,0.1,0.4006,400,0.2139,3.4,0.45,0.373
270,PRECINCT 88 JLN SONG,2025,64.3,0.1283,0.4205,1760,0.2575,4.2,0.7528,0.6981
327,THE SUMMER,2025,45.9,0.1117,0.3613,650,0.2349,3.3,0.7345,0.3806
430,VIVACITY MEGAMALL,2025,54.4,0.1013,0.3961,3300,0.2499,3.5,0.7372,0.35
455,CITY ONE KUCHING,2025,47.5,0.1282,0.4122,400,0.2132,3.4,0.7544,0.4517
509,BANDAR RIYAL,2025,51.6,0.124,0.3417,400,0.2618,3.6,0.8015,0.4995
520,KOTA SENTOSA KUCHING,2025,53.4,0.1383,0.3363,560,0.2261,3.8,0.7253,0.6091
532,TABUAN JAYA,2025,43,0.1378,0.3227,400,0.2308,3.3,0.744,0.6282
537,BAU,2025,51.4,0.1292,0.3066,560,0.37,3.8,0.9107,0.488
687,E-MART TABUAN,2025,43.3,0.1423,0.3584,420,0.2368,3.2,0.4956,0.35
2031,AIMAN MALL,2025,43.6,0.1272,0.3693,740,0.2672,3.2,0.8857,0.3588
2088,EMART KING CENTRE,2025,43,0.1337,0.3688,740,0.1995,3,0.6341,0.421
2227,THE SPRING KUCHING,2025,56.8,0.1015,0.4312,400,0.2495,3.5,0.9203,0.35
2236,AEROVILLE MALL,2025,46.2,0.1326,0.4112,400,0.2932,3.3,0.7896,0.356
2245,KOTA PADAWAN MALL,2025,55,0.1111,0.344,400,0.17,3.9,0.45,0.402
98,HIGH STREET MIRI,2025,53,0.1146,0.3256,400,0.2197,3.7,0.7159,0.4773
241,BINTANG MIRI SARAWAK,2025,77.4,0.1,0.3791,4970,0.3221,4.5,0.7831,0.5394
265,BOULEVARD MALL MIRI,2025,48.9,0.1406,0.3813,700,0.2122,3.4,0.7276,0.3605
285,PERMY MALL,2025,52.3,0.122,0.37,460,0.2189,3.6,0.6653,0.447
304,LIMBANG SARAWAK,2025,62.4,0.108,0.3467,1210,0.2612,4.2,0.7055,0.489
354,IMPERIAL CITY MALL,2025,65.7,0.1,0.3616,2650,0.2584,4,0.6329,0.4452
434,LAWAS,2025,53.5,0.1028,0.3186,560,0.1992,3.7,0.8064,0.6507
477,EMART RIAM,2025,54.1,0.1084,0.3552,740,0.2006,3.5,0.7148,0.5431
482,EMART  TUDAN,2025,59.4,0.1036,0.3582,930,0.2576,3.8,0.6585,0.602
677,LIMBANG PLAZA,2025,55.4,0.1226,0.3549,740,0.2289,3.7,0.6769,0.35
2190,MIRI TIMES SQUARE,2025,70.8,0.1138,0.3945,510,0.237,4.4,0.7346,0.5045
2221,"PELITA COMMERCIAL CENTRE,MIRI",2025,70.5,0.1085,0.4117,400,0.2194,4.2,0.6776,0.5778
2240,SENADIN MIRI,2025,43,0.1,0.3,400,0.17,3,0.45,0.35
61,SARAWAK PLAZA,2025,43.8,0.1415,0.365,420,0.2586,3.8,0.8316,0.4926
219,PARKCITY MALL BINTULU,2025,53.1,0.1114,0.3463,840,0.2635,3.5,0.712,0.35
317,PLAZA MERDEKA KUCHING,2025,46.2,0.1107,0.3605,790,0.2453,3.3,0.8046,0.35
332,JALAN SATOK,2025,58.9,0.127,0.3696,400,0.2674,4.2,0.7082,0.6474
405,TIMES SQUARE BINTULU,2025,49.6,0.1143,0.3781,400,0.2569,3.4,0.4974,0.35
436,METRO CITY MATANG,2025,55.3,0.1281,0.361,700,0.2915,3.8,0.9495,0.6405
494,MEDAN JAYA BINTULU,2025,62.5,0.1268,0.3584,740,0.2679,4.2,0.501,0.6056
539,MYDIN VISTA TUNKU,2025,47.3,0.1252,0.3605,460,0.2249,3.5,0.8372,0.4109
558,AEON KUCHING CENTRAL,2025,50.7,0.1205,0.4054,1900,0.304,3.5,0.895,0.35
600,THE SPRING BINTULU,2025,62.7,0.0999,0.4057,1250,0.2664,3.9,0.6229,0.4907
672,BOULEVARD BINTULU,2025,48.6,0.1116,0.3906,510,0.2239,3.4,0.6457,0.6136
2025,LEE LING COMMERCIAL,2025,50.8,0.13,0.3843,420,0.2455,3.6,0.6717,0.5198
2202,BINTULU TERMINAL,2025,48.1,0.1137,0.3734,790,0.288,3.5,0.5581,0.5218
167,SARAWAK HOUSE,2025,43,0.1514,0.3319,880,0.3058,3.5,0.7574,0.35
226,DELTA MALL,2025,46,0.1581,0.3921,510,0.2912,3.4,0.7366,0.35
252,SING KWONG MALL,2025,45.7,0.1494,0.3659,510,0.2837,3.3,0.7169,0.5108
281,STAR MEGAMALL SIBU,2025,51.7,0.1249,0.3733,1070,0.2608,3.6,0.7592,0.3597
330,SARIKEI,2025,58.4,0.1214,0.3467,510,0.3335,4,0.8119,0.597
372,MUKAH,2025,55.5,0.1363,0.3707,790,0.3183,3.7,0.7108,0.5148
476,SALIM SIBU,2025,45.4,0.1673,0.3501,400,0.3127,3.6,0.7889,0.4916
546,BINTANGOR,2025,43,0.1499,0.3175,400,0.305,3.4,0.6726,0.472
678,JALAN TUANKU OSMAN,2025,55.9,0.1515,0.3929,560,0.3261,3.9,0.7561,0.5985
2079,KAPIT SARAWAK,2025,52.5,0.1298,0.3407,560,0.2668,3.9,0.687,0.6596
2161,SIBU JAYA,2025,53.6,0.1311,0.3477,420,0.2719,3.9,0.6826,0.5308
2167,UNICITY SIBU,2025,47,0.1428,0.3704,510,0.2505,3.5,0.7132,0.5175
2206,SARIKEI 2,2025,63.2,0.1147,0.3854,400,0.3124,4.1,0.8563,0.5828
268,BOULEVARD MALL KUCHING,2025,43.9,0.1092,0.3693,400,0.1721,3.3,0.6042,0.3652
276,BATU KAWAH,2025,51,0.1409,0.3711,560,0.26,3.6,0.8724,0.5829
321,EASTERN MALL SIBURAN,2025,44.5,0.126,0.3442,400,0.2269,3.1,0.7601,0.3969
364,PLAZA SIMANGGANG,2025,50,0.114,0.3647,400,0.201,3.5,0.8287,0.4082
365,SERIAN,2025,57.2,0.1242,0.3407,560,0.25,3.9,0.6514,0.6093
380,EVERRISE BDC,2025,51.6,0.1283,0.3895,400,0.1879,3.3,0.7178,0.4315
463,BETONG,2025,48.5,0.1193,0.3106,400,0.1786,3.6,0.5372,0.625
474,EMART BATU KAWAH,2025,45,0.128,0.3849,560,0.223,3.1,0.7324,0.401
478,SARATOK,2025,47.7,0.1355,0.3272,400,0.2488,3.8,0.6542,0.5293
622,EVERRISE 4TH MILE,2025,49.4,0.1299,0.3605,400,0.228,3.4,0.5011,0.3808
2036,EMART MOYAN,2025,44.1,0.1355,0.3542,400,0.2904,3.2,0.8269,0.3673
2097,SRI AMAN SQUARE,2025,52.6,0.1136,0.3714,460,0.2196,3.6,0.7765,0.4926
232,WETEX PARADE SHOPPING,2025,52.5,0.1094,0.3895,1760,0.2949,3.5,0.5875,0.4182
425,JALAN ALI MUAR,2025,59.4,0.1184,0.3535,1020,0.3044,3.9,0.5918,0.4859
440,JALAN BAKRI MUAR,2025,63.7,0.1182,0.3633,1720,0.3139,4.2,0.64,0.6568
552,TF MUAR,2025,43,0.145,0.3047,400,0.3887,3,0.6298,0.4
2034,BUKIT BAKRI,2025,54.7,0.1131,0.3482,1160,0.3578,3.8,0.6623,0.4735
2054,TANGKAK,2025,64.9,0.1233,0.3659,970,0.3329,4.3,0.6434,0.5889
2158,BUKIT GAMBIR,2025,55.9,0.1199,0.373,1490,0.3496,3.8,0.6629,0.5455
2175,KCC CITY MUAR,2025,58.4,0.1171,0.3815,460,0.3048,3.9,0.6858,0.3802
2184,LOTUS'S MUAR,2025,46.1,0.1221,0.3547,2270,0.2903,3.3,0.6374,0.35
213,AEON BIG BATU PAHAT,2025,48.4,0.1281,0.3719,2970,0.327,3.3,0.6645,0.35
249,BATU PAHAT MALL,2025,51.4,0.1144,0.3586,4970,0.3277,3.6,0.6502,0.35
311,SQUARE 1 BATU PAHAT,2025,43.7,0.1317,0.3482,1860,0.3467,3.3,0.7177,0.35
339,SIMPANG RENGGAM,2025,52.4,0.1136,0.3512,1070,0.2993,3.6,0.7371,0.756
342,PONTIAN,2025,61.3,0.1211,0.3516,2920,0.3888,4.3,0.6699,0.6496
344,YONG PENG JOHOR,2025,57.2,0.1226,0.3581,970,0.4407,3.9,0.7243,0.544
441,JALAN RAHMAT,2025,63.6,0.1213,0.3814,2180,0.3353,4.3,0.6213,0.7066
574,JALAN SOGA,2025,49.3,0.1409,0.3353,650,0.36,3.7,0.7434,0.623
659,SHELL PARIT RAJA,2025,51.4,0.134,0.3636,650,0.3349,3.8,0.7368,0.5838
681,PONTIAN KOTA EMAS,2025,59.4,0.1274,0.3811,2460,0.3498,4,0.6084,0.7192
2023,D'GARDEN B.PAHAT,2025,56.4,0.1249,0.402,1110,0.3511,3.7,0.6682,0.4596
2198,BENUT PONTIAN,2025,55.6,0.1211,0.372,1110,0.403,4,0.8,0.619
147,KOTA TINGGI,2025,58,0.1271,0.3228,2230,0.4997,4.4,0.5949,0.5297
217,LOTUS'S SERI ALAM,2025,46.9,0.1088,0.3253,880,0.2596,3.3,0.5321,0.6355
296,PASIR GUDANG JOHOR,2025,48.7,0.1121,0.3425,840,0.2559,3.6,0.535,0.4942
536,SKS CITY MALL,2025,50,0.1001,0.3233,930,0.2714,3.5,0.5151,0.5452
589,LOTUS'S ECO TROPICS,2025,46.8,0.1144,0.3441,880,0.2476,3.3,0.5127,0.5301
609,LOTUS'S PLENTONG,2025,43,0.1255,0.3486,400,0.2775,3.3,0.6027,0.6494
613,KIP MART KOTA TINGGI ,2025,49.3,0.1339,0.3228,1620,0.5167,3.9,0.688,0.4597
632,KIP MART MASAI,2025,46.3,0.1034,0.3618,740,0.2559,3.3,0.547,0.5638
688,CALTEX KOTA MASAI,2025,47.4,0.1196,0.3012,600,0.3003,3.7,0.5314,0.7388
689,BANDAR SERI ALAM,2025,57.4,0.1,0.3206,840,0.2653,3.9,0.5321,0.6992
2214,KOTA TINGGI 2,2025,64.5,0.1086,0.3598,1300,0.4232,4.5,0.5921,0.5594
2229,U SENTRAL MASAI,2025,42.8,0.1154,0.3589,400,0.2822,3.2,0.5614,0.35
2231,KOTA MASAI,2025,49.1,0.1065,0.3426,510,0.3226,3.6,0.5359,0.6234
59,IOI MALL KULAI,2025,47.9,0.1363,0.4101,1110,0.3176,3.4,0.6103,0.4301
181,KLUANG,2025,43.7,0.1459,0.3059,460,0.3665,3.6,0.7897,0.622
237,KLUANG MALL JOHOR,2025,45.8,0.1347,0.3647,3340,0.3464,3.5,0.6607,0.35
274,MERSING,2025,57.6,0.1096,0.3373,1900,0.3625,4,0.7018,0.6705
278,JALAN MANGGIS KLUANG,2025,45.7,0.1383,0.3296,790,0.354,3.6,0.6922,0.4855
322,AEON BIG KLUANG,2025,49.2,0.1651,0.39,1350,0.3568,3.9,0.6455,0.4145
486,JALAN HAJI MANAN,2025,57.7,0.1421,0.355,3110,0.4467,4.2,0.7391,0.6523
535,LOTUS'S KULAI,2025,48.1,0.1306,0.3672,930,0.2437,3.4,0.6299,0.5425
2174,VERSIS KLUANG,2025,58.1,0.1528,0.4291,970,0.3987,4.5,0.7917,0.3879
2183,LOTUS'S KLUANG,2025,43,0.1407,0.3644,1210,0.3809,3.3,0.6873,0.35
2233,JOHOR PREMIUM OUTLETS,2025,71.2,0.1,0.3918,1490,0.2877,4.8,0.5028,0.4215
2235,THE COMMUNE,2025,50.2,0.1139,0.3851,400,0.2478,3.4,0.5738,0.35
2242,AEON KULAIJAYA,2025,53.8,0.1021,0.3688,460,0.2349,3.4,0.5857,0.35
2260,SENAI KULAI,2025,43,0.1,0.3,400,0.17,3,0.45,0.35
101,TAMAN MOLEK,2025,52.3,0.1291,0.3707,510,0.2413,3.7,0.5749,0.6644
120,ULU TIRAM,2025,46.1,0.1181,0.3,420,0.2868,3.4,0.5282,0.6351
373,LOTUS'S DESA TEBRAU,2025,47.1,0.1131,0.332,400,0.2256,3.3,0.45,0.4544
484,AEON TEBRAU CITY,2025,73.7,0.1,0.3567,6820,0.2321,4,0.5185,0.422
498,JOHOR JAYA,2025,61.3,0.103,0.3739,400,0.2027,3.7,0.5374,0.6891
534,AUSTIN HEIGHTS,2025,54.1,0.1161,0.3663,400,0.2335,3.4,0.45,0.5074
611,MYDIN PELANGI INDAH,2025,43,0.1235,0.3277,400,0.2159,3.1,0.5742,0.5384
652,TOPPEN,2025,60.1,0.1,0.3818,880,0.2872,3.9,0.45,0.4041
660,CALTEX ULU TIRAM,2025,47.6,0.1202,0.3089,1350,0.3744,3.4,0.4845,0.763
2117,SHELL MOUNT AUSTIN,2025,50.1,0.1313,0.34,400,0.2342,3.7,0.4797,0.4939
2122,S'MART PANDAN,2025,47.5,0.1031,0.3364,2270,0.2875,3.3,0.652,0.4283
36,PLAZA ANGSANA,2025,64,0.1,0.3368,5890,0.2711,4.1,0.6075,0.3504
151,AEON PERMAS JAYA,2025,51.8,0.1,0.3417,420,0.2203,3.3,0.45,0.51
596,MID VALLEY SOUTHKEY,2025,86.9,0.1,0.3606,5520,0.2132,4.4,0.45,0.5977
627,LOTUS'S SETIA TROPIKA,2025,43,0.1308,0.3117,460,0.2117,3.2,0.5397,0.5277
645,MID VALLEY SOUTHKEY2,2025,63.3,0.1,0.3952,1950,0.2688,4,0.4837,0.4341
673,PARAGON MARKET PLACE,2025,43,0.1086,0.3104,400,0.1866,3,0.5389,0.503
694,LARKIN PERDANA,2025,57.9,0.1067,0.3263,930,0.2452,4,0.4668,0.7737
2118,TMN IMPIAN EMAS,2025,59.1,0.1048,0.3698,420,0.2289,3.8,0.45,0.524
2143,JALAN TAMPOI,2025,58.1,0.1,0.3333,400,0.2489,4.1,0.6484,0.63
2144,PERMAS JAYA,2025,52.1,0.1156,0.3158,510,0.2557,3.6,0.548,0.587
2259,SKS MALL LARKIN,2025,43,0.1,0.3,400,0.17,3,0.45,0.35
45,CITY SQUARE,2025,70.3,0.1,0.3596,12990,0.2008,3.6,0.6294,0.35
159,PLAZA SENTOSA,2025,51.3,0.1293,0.3183,1250,0.2405,3.6,0.5193,0.5304
256,KSL CITY MALL,2025,73.8,0.1,0.3265,5430,0.225,3.9,0.5896,0.35
511,KSL 2,2025,61.4,0.1,0.3795,4080,0.267,3.7,0.5184,0.3845
525,AEON BANDAR DATO ONN,2025,54,0.1033,0.385,400,0.1755,3.5,0.45,0.3961
580,GALLERIA KOTARAYA,2025,43,0.1257,0.3071,930,0.2874,3.4,0.5799,0.35
2073,TD CENTRAL,2025,77,0.1,0.4006,840,0.2469,4.4,0.4857,0.5708
2141,ADDA HEIGHTS,2025,57.6,0.1015,0.3353,510,0.2437,4,0.5099,0.6303
2148,TD POINT,2025,53.1,0.1093,0.346,400,0.1926,3.5,0.45,0.5312
2207,PLAZA PELANGI,2025,56.5,0.1,0.3784,700,0.2157,3.4,0.4835,0.35
2216,JBCC,2025,53.3,0.1001,0.3827,510,0.183,3.3,0.45,0.35
2267,SETIA TROPIKA,2025,43,0.1,0.3,400,0.17,3,0.45,0.35
2270,PAGOH JAYA,2025,43,0.1,0.3,400,0.17,3,0.45,0.35
62,AEON TMN UNIVERSITY,2025,46.6,0.1119,0.3713,1620,0.2427,3.2,0.7096,0.4131
387,LOTUS'S MUTIARA RINI,2025,47.5,0.1176,0.3337,650,0.2295,3.3,0.5847,0.3827
538,PARADIGM MALL JB,2025,64.7,0.1,0.3824,3620,0.2353,4,0.5446,0.35
555,MYDIN MUTIARA RINI,2025,43,0.1263,0.3292,460,0.2345,3.3,0.45,0.5341
559,TAMAN SUTERA UTAMA,2025,57.9,0.1185,0.3705,790,0.359,3.9,0.4864,0.7779
639,KIP TAMPOI,2025,43,0.1179,0.3,970,0.2432,3.2,0.5053,0.358
649,PARADIGM MALL JB 2,2025,54.2,0.1,0.3547,1950,0.2105,3.5,0.45,0.4065
2055,MUTIARA RINI,2025,53.5,0.1122,0.3526,700,0.259,3.7,0.5613,0.5525
2120,TAMAN UNIVERSITI,2025,54.1,0.1157,0.3341,2040,0.3377,3.7,0.5746,0.5257
2217,TASEK CENTRAL,2025,49.1,0.1109,0.3731,1250,0.2518,3.2,0.513,0.35
2241,SUTERA MALL,2025,58.5,0.1,0.4303,400,0.2019,3.3,0.45,0.35
164,TAMAN NUSA BESTARI,2025,55,0.1256,0.3429,1620,0.3582,3.8,0.6695,0.4788
231,AEON BUKIT INDAH SHOPPING,2025,64.4,0.1,0.354,6870,0.2755,3.6,0.6288,0.4789
242,LOTUS'S BUKIT INDAH,2025,53.6,0.1264,0.3452,1390,0.2974,3.5,0.6464,0.3742
360,PERLING MALL,2025,51.6,0.1076,0.3631,1900,0.2913,3.6,0.4989,0.4232
500,GELANG PATAH,2025,50.4,0.102,0.302,1070,0.3171,3.6,0.5702,0.6326
618,ANJUNG ISKANDAR,2025,62.7,0.1032,0.3645,930,0.2923,4,0.548,0.6277
683,ECO BOTANIC,2025,62.2,0.1105,0.3702,1070,0.2712,3.8,0.5041,0.5842
2037,PEKAN SENTRAL,2025,62.4,0.1183,0.3734,2000,0.4457,4.3,0.7992,0.5068
2091,BUKIT INDAH SKUDAI,2025,60.6,0.1096,0.3559,1070,0.293,3.9,0.7225,0.4991
2194,68 AVENUE,2025,55.6,0.1062,0.3733,1440,0.2836,3.7,0.4684,0.5462
2230,SUNWAY BIG BOX,2025,65.5,0.1,0.3996,560,0.2485,4.1,0.45,0.4535
4,CHERAS LEISURE MALL,2025,53,0.1,0.4404,840,0.1975,3.2,0.45,0.4901
173,BANDAR SUNGAI LONG,2025,43,0.1282,0.3519,510,0.217,3,0.4804,0.4264
178,MEDAN CONNAUGHT,2025,43,0.1483,0.3476,400,0.231,3,0.517,0.6085
222,LOTUS'S CHERAS,2025,46.1,0.1111,0.3416,460,0.2068,3.4,0.468,0.35
282,BMC MALL,2025,44.9,0.1082,0.341,560,0.2212,3.1,0.4991,0.35
548,MAHKOTA CHERAS,2025,54.3,0.1235,0.3711,740,0.25,3.6,0.5018,0.546
604,AEON BIG TUN HUSSEIN ONN,2025,43,0.1194,0.346,880,0.2013,3.1,0.4736,0.4284
651,HULU LANGAT,2025,47.5,0.109,0.3333,400,0.2759,3.5,0.5272,0.7218
2039,EKO CHERAS,2025,47.6,0.1252,0.4461,420,0.1929,3,0.5418,0.3538
2107,DAMAI PERDANA,2025,54.4,0.1142,0.3688,460,0.2785,3.6,0.5918,0.5645
2129,TMN SEGAR CHERAS,2025,43,0.1287,0.344,400,0.2197,3,0.45,0.4149
305,SETIA CITY MALL,2025,46.6,0.1,0.3369,880,0.1989,3.2,0.5542,0.6368
410,LOTUS'S PUNCAK ALAM,2025,43.3,0.1447,0.3552,930,0.2382,3.3,0.6504,0.5193
644,SAUJANA UTAMA,2025,52.4,0.1243,0.3705,700,0.2255,3.7,0.5312,0.7719
2010,KIP DESA COALFIELDS,2025,44.1,0.136,0.3395,400,0.2492,3.4,0.4898,0.4214
2019,SETIA CITY MALL 2,2025,57.7,0.1,0.3932,4460,0.311,3.8,0.7052,0.4084
2021,SETIA TAIPAN,2025,46,0.1076,0.3096,400,0.17,3.3,0.6868,0.7703
2033,SETIA ALAM 2,2025,59.9,0.1146,0.3676,1070,0.2525,3.8,0.5472,0.412
2077,ALAM BUDIMAN,2025,48.2,0.107,0.3228,420,0.2191,3.6,0.5927,0.7496
2098,CALTEX ECO GRANDEUR,2025,52,0.1248,0.3616,1110,0.3392,3.9,0.7254,0.6342
2124,CALTEX PERSIARAN MOKHTAR DAHARI,2025,43,0.1203,0.3077,400,0.2018,3.2,0.6703,0.475
2228,CALTEX ECO ARDENCE,2025,48.7,0.1214,0.3392,400,0.2617,3.5,0.6539,0.5406
2232,ELMINA LAKESIDE MALL,2025,52.5,0.1085,0.3953,560,0.2098,3.6,0.45,0.3948
188,AEON TAMAN EQUINE,2025,50.4,0.116,0.3617,840,0.2738,3.4,0.4807,0.743
393,D PULZE CYBEJAYA,2025,49.9,0.1,0.3722,1110,0.227,3.3,0.5386,0.6324
518,PUNCAK JALIL,2025,47.4,0.1243,0.3,400,0.2964,3.6,0.5417,0.5548
527,SERI SERDANG,2025,43,0.1222,0.3,400,0.2496,3,0.5662,0.605
549,NEO CYBER,2025,43,0.1126,0.3157,1110,0.2632,3.2,0.6396,0.7182
608,TAMARIND SQUARE,2025,45.4,0.0999,0.382,420,0.2129,3.1,0.562,0.3934
698,OLIVE HILL,2025,45.6,0.1327,0.3499,400,0.2561,3.2,0.5808,0.6099
2046,PRESINT 8,2025,45.6,0.1146,0.3,400,0.255,3.4,0.5161,0.5165
2176,SHAFTSBURY SQUARE,2025,45.3,0.1206,0.3558,420,0.2741,3.2,0.7986,0.4767
2179,TAMAN EQUINE,2025,53.3,0.1145,0.3687,400,0.2885,3.5,0.5249,0.5499
2211,JALAN DIPLOMATIK,2025,52.7,0.1151,0.3579,400,0.2773,3.8,0.4633,0.7043
367,ALAMANDA,2025,57.5,0.1001,0.3656,4080,0.223,3.8,0.5195,0.5779
385,IOI CITY MALL,2025,57.2,0.1,0.3934,5850,0.2055,3.4,0.5181,0.5161
461,GATEWAY@KLIA2,2025,43,0.1,0.3704,1670,0.1714,3,0.4927,0.7318
544,MITSUI OUTLET PARK,2025,45.9,0.1027,0.3772,1210,0.2255,3.6,0.5381,0.4315
556,KIPMALL KOTA WARISAN,2025,50.4,0.1096,0.3552,740,0.2715,3.6,0.7152,0.5104
576,DE CENTRUM,2025,43,0.1088,0.3283,400,0.2072,3,0.4603,0.6646
599,GATEWAY KLIA 2 TWO,2025,43,0.1,0.3908,1440,0.1995,3.1,0.547,0.6607
2032,IOI CONEZION,2025,46.8,0.1023,0.341,400,0.2138,3.3,0.5534,0.5149
2089,SALAK PERDANA,2025,49.7,0.1089,0.3244,400,0.2557,3.7,0.7201,0.5577
2149,IOI CITY MALL 2,2025,46.9,0.1,0.377,1620,0.1901,3.1,0.5512,0.35
2192,KOTA WARISAN,2025,49.9,0.1063,0.3201,400,0.3027,3.7,0.5272,0.5875
2208,SALAK TINGGI,2025,47,0.1105,0.3342,420,0.2528,3.5,0.6011,0.5189
34,SUNWAY PYRAMID,2025,56.3,0.1,0.4147,7610,0.1912,3.2,0.5379,0.7514
260,AEON BIG PUC UTAMA,2025,46.6,0.1179,0.3394,790,0.2727,3.3,0.5807,0.35
419,LOTUS'S BANDAR BUKIT PUCHONG,2025,43,0.1325,0.3219,840,0.2358,3,0.5308,0.3677
454,BANDAR PUTERI PUCHONG,2025,51.8,0.114,0.3672,460,0.2705,3.4,0.5837,0.6626
469,TAMAN SRI MANJA,2025,50.1,0.1,0.3296,880,0.2961,3.6,0.5888,0.7698
630,CALTEX PUCHONG PERMAI,2025,43,0.1097,0.3,790,0.2956,3.2,0.587,0.6966
2035,SUNWAY GEO,2025,43,0.1195,0.3895,1530,0.243,3,0.5847,0.4069
2049,IOI RIO PUCHONG,2025,53.1,0.1259,0.3921,400,0.2507,3.4,0.5795,0.4585
2110,PUCHONG PRIMA,2025,50.8,0.1048,0.3404,1020,0.2515,3.6,0.5507,0.5584
2165,BANDAR PUTERI PUCHONG 2,2025,53,0.1172,0.3743,560,0.2673,3.6,0.5511,0.4804
2204,MERANTI JAYA,2025,57.9,0.1257,0.3894,510,0.3115,3.7,0.5328,0.4879
108,DANAU DESA,2025,46,0.1404,0.3432,460,0.3354,3.4,0.6071,0.6747
112,KUCHAI ENTREPRENUER,2025,47.2,0.1393,0.3381,400,0.3336,3.4,0.5857,0.5291
116,KOMPLEKS BANDAR,2025,43,0.1264,0.3082,400,0.3371,3.2,0.6251,0.5776
119,ENDAH PARADE,2025,43,0.1334,0.3511,400,0.2151,3,0.5554,0.35
561,KUCHAI ENTREPRENEUR 2,2025,48.7,0.1251,0.3412,1160,0.3762,3.4,0.5573,0.6392
620,SRI PETALING,2025,53.4,0.1116,0.3999,460,0.2416,3.4,0.5541,0.6367
682,JALIL LINK,2025,44,0.1383,0.3268,400,0.3063,3.4,0.5862,0.5731
2045,PAVILION BUKIT JALIL,2025,53,0.1,0.4275,2130,0.1829,3.2,0.4664,0.35
2114,TROPIKA BKT JALIL,2025,48.9,0.1269,0.4179,400,0.2899,3,0.6085,0.4548
2119,THE FOOD MERCHANT OUG,2025,48.9,0.13,0.3953,400,0.3582,3.2,0.6806,0.4096
2177,PEARL POINT ,2025,46.5,0.1208,0.3666,510,0.2966,3.2,0.5699,0.35
216,AEON CHERAS SELATAN,2025,50.8,0.1,0.3597,2090,0.2365,3.2,0.6095,0.3543
346,BANGI GATEWAY,2025,43,0.1096,0.3486,460,0.227,3.2,0.5587,0.632
368,KIP MALL BANGI,2025,48.3,0.1202,0.3441,880,0.2815,3.5,0.6297,0.3887
435,THE MINES,2025,51.2,0.1,0.3725,650,0.2227,3.3,0.5275,0.5265
517,SEKSYEN 9 BANGI,2025,51.5,0.1234,0.3061,560,0.2667,3.8,0.6131,0.8045
647,C180,2025,48.8,0.1098,0.376,400,0.2271,3.2,0.5833,0.5221
670,AMERIN MALL,2025,43,0.106,0.3074,420,0.2244,3,0.4936,0.4982
2001,TRILIUM,2025,47.9,0.1076,0.3304,460,0.2212,3.5,0.5621,0.7201
2052,SERDANG PERDANA,2025,50.1,0.111,0.3662,400,0.2385,3.4,0.5193,0.5685
2065,JADE HILLS,2025,49.9,0.1122,0.3596,400,0.235,3.4,0.5142,0.5976
2102,EVO BANGI,2025,50.2,0.1087,0.3812,400,0.2201,3.6,0.517,0.546
18,IOI MALL,2025,53.9,0.1,0.3951,1900,0.2159,3.3,0.5074,0.4804
189,TAMAN SENTOSA KLANG,2025,48.9,0.1111,0.3,700,0.3046,3.2,0.7121,0.7811
204,KAPAR,2025,47.6,0.125,0.3068,650,0.2616,3.5,0.6331,0.5234
448,LOTUS'S PUCHONG,2025,43,0.1369,0.3191,970,0.2668,3.1,0.514,0.35
575,PUCHONG JAYA,2025,47.3,0.1283,0.3719,460,0.2475,3.3,0.58,0.7117
584,BUKIT JELUTONG,2025,61.3,0.1014,0.3786,600,0.241,3.9,0.5883,0.765
635,IOI MALL 2,2025,47.9,0.1076,0.3938,970,0.217,3.3,0.488,0.4579
2057,DENAI ALAM,2025,54.4,0.1063,0.3408,420,0.2123,3.8,0.5785,0.6425
2082,TAMAN KINRARA PUCHONG,2025,54.1,0.1152,0.3551,1020,0.2632,3.7,0.5609,0.5174
2104,TAMAN SAUJANA KLANG,2025,58,0.114,0.3689,840,0.3195,3.9,0.7134,0.5852
87,WISMA TAI & TAI,2025,55.9,0.0996,0.3232,4640,0.3137,3.9,0.855,0.6761
118,"FAJAR COMPLEX, TAWAU",2025,44.7,0.137,0.3156,1760,0.2767,3.7,0.756,0.4775
292,BANDAR SRI PERDANA,2025,45.7,0.1045,0.3,2230,0.2732,3.4,0.8591,0.6213
341,SEMPORNA,2025,43,0.1243,0.3404,2320,0.2789,3.4,0.7052,0.696
363,FAJAR LAHAD DATU,2025,56.9,0.1148,0.3418,2180,0.3071,3.9,0.8674,0.8479
456,DARVEL BAY LAHAD DATU,2025,53.8,0.1032,0.3064,3430,0.3165,4,0.8551,0.6462
466,KUBOTA SQUARE,2025,65.5,0.1218,0.3793,1950,0.2932,4.4,0.8175,0.6559
551,KUNAK,2025,43,0.1067,0.3,840,0.2867,3.1,0.7739,0.5388
2075,BALUNG TAWAU,2025,43,0.1096,0.328,1250,0.3499,3.5,0.8308,0.5189
2205,"TAMAN SEMARAK,TAWAU",2025,47,0.1093,0.3345,600,0.2453,3.4,0.755,0.5287
2212,TONG TALUN SEMPORNA,2025,48.8,0.1019,0.3141,970,0.3015,3.5,0.7768,0.5085
2218,MAGANTING PLAZA,2025,47.2,0.1,0.3136,700,0.2974,3.6,0.816,0.6056
228,ONE BORNEO KOTA KINABALU,2025,45.6,0.1145,0.3589,1720,0.2367,3.4,0.9332,0.3912
280,SURIA SABAH,2025,54.1,0.1158,0.3983,5200,0.2603,3.8,0.9101,0.4483
320,MEGALONG MALL,2025,45.3,0.1228,0.3335,1390,0.3047,3.3,0.7739,0.37
323,TUARAN SABAH,2025,43.4,0.1107,0.3,880,0.289,3.4,0.9,0.5927
329,KOTA BELUD,2025,48.1,0.1184,0.3043,1160,0.3089,3.6,0.897,0.6727
353,RANAU SABAH,2025,58.6,0.1146,0.3215,1530,0.3199,4.2,0.8887,0.6727
400,KUDAT,2025,44.3,0.0996,0.3,1350,0.2837,3.6,0.8828,0.5381
403,KOTA MARUDU,2025,61,0.1057,0.3406,1110,0.2707,4.1,0.9063,0.8131
545,KUDAT FRIENDLY TOWN,2025,47.1,0.1,0.318,930,0.2731,3.8,0.8499,0.6021
572,PLAZA 333,2025,46.9,0.136,0.3136,420,0.3014,3.7,0.8845,0.6953
629,ITCC KK,2025,52,0.1055,0.3682,650,0.2341,3.5,0.8377,0.4915
2159,SOLARIS TUARAN,2025,65.3,0.1079,0.3689,1020,0.3654,4.5,0.9222,0.5487
269,KENINGAU MALL,2025,49.4,0.1136,0.3372,880,0.263,3.4,0.7788,0.35
273,INANAM TAIPAN KK,2025,54.7,0.1131,0.3338,1350,0.3187,4.1,0.9528,0.6715
316,BEAUFORT SABAH,2025,43.1,0.1266,0.304,840,0.3341,3.5,0.7747,0.5432
402,IMAGO TIMES SQUARE,2025,60,0.1,0.3999,2230,0.2836,4.1,0.8187,0.4736
437,TENOM,2025,43,0.1049,0.3,400,0.301,3.1,0.8577,0.5538
475,KENINGAU,2025,46.3,0.1144,0.3152,560,0.2863,3.3,0.7192,0.6069
506,SIPITANG PLAZA,2025,49.9,0.1171,0.3409,420,0.2521,3.6,0.6895,0.6531
642,BEAUFORT 2,2025,54.1,0.1136,0.3464,650,0.306,4,0.6405,0.6858
2145,INANAM MALL,2025,43.4,0.1229,0.3292,1250,0.3461,3.5,0.9353,0.5775
2169,ORCHARD PLAZA,2025,53.1,0.1,0.3454,400,0.2935,3.8,0.8736,0.6188
2172,EMART LINTAS JAYA,2025,45,0.1225,0.3568,400,0.2606,3.2,0.9274,0.4541
2262,PARKLANE PAPAR,2025,43,0.1,0.3,400,0.17,3,0.45,0.35
60,KOMPLEKS KARAMUNSING,2025,47.5,0.1209,0.3842,510,0.2351,3.5,0.8626,0.4443
163,DAMAI POINT,2025,49.1,0.1624,0.3458,560,0.4133,3.9,0.9351,0.6553
243,CENTRE POINT KK,2025,47.4,0.1101,0.3445,2230,0.3198,3.4,0.8289,0.4578
293,LINTAS PLAZA,2025,45.4,0.1498,0.3326,400,0.2716,3.5,0.7413,0.6472
355,PAPAR,2025,52.6,0.1117,0.3362,930,0.2698,3.7,0.6421,0.6644
358,PUTATAN SABAH,2025,54.6,0.1037,0.3497,2690,0.3269,3.7,0.9598,0.8455
449,LABUAN,2025,56.6,0.1135,0.3487,1160,0.3571,4,0.9124,0.7962
452,LABUAN AIRPORT,2025,43,0.1637,0.3499,400,0.3326,3.4,0.8826,0.4217
508,KINGFISHER,2025,49.6,0.1247,0.3647,400,0.2391,3.6,0.816,0.789
587,ASIA CITY KK,2025,43,0.1329,0.3341,510,0.249,3.3,0.8132,0.6212
684,PAPAR BENONI,2025,44.8,0.1116,0.3,400,0.2565,3.4,0.6797,0.6709
2011,88 MALL,2025,53.4,0.1339,0.4099,400,0.2387,3.8,0.8415,0.5774
2101,PAVILION BUNDUSAN,2025,65.4,0.1146,0.3758,460,0.2718,4.3,0.8171,0.6087
73,WISMA MERDEKA,2025,46.4,0.1328,0.3598,1020,0.3143,3.6,0.8568,0.4219
158,SANDAKAN,2025,49.4,0.1779,0.3775,3110,0.3703,3.6,0.8494,0.5696
211,HARBOUR SQUARE,2025,43,0.1131,0.3,1110,0.291,3,0.8091,0.4935
279,BANDAR PRIMA SANDAKAN,2025,75.8,0.1123,0.379,8450,0.3489,4.8,0.804,0.6974
336,CITY MALL KK,2025,44.5,0.1494,0.3737,400,0.2145,3.3,0.875,0.4396
404,HARBOUR MALL SDK,2025,47.5,0.1251,0.3179,3810,0.3064,3.4,0.8263,0.547
571,JALAN PANTAI KK,2025,43.9,0.1358,0.3411,880,0.2742,3.6,0.8654,0.717
665,MENGGATAL,2025,52.2,0.132,0.3438,1390,0.299,4,0.8681,0.7388
2067,TAMPARULI,2025,47.5,0.1168,0.3038,930,0.28,3.6,0.9397,0.6978
64,KOTA BHARU,2025,64.7,0.1068,0.3837,2650,0.4126,4.3,0.7594,0.7691
92,KB MALL,2025,51.4,0.1167,0.3752,2740,0.3645,3.5,0.6864,0.35
362,GUA MUSANG,2025,56.1,0.1181,0.3057,1440,0.4497,4.1,0.8485,0.547
451,KUALA KRAI,2025,57.6,0.1038,0.3,600,0.2934,4,0.8702,0.5822
582,BDR BARU TANAH MERAH,2025,59.8,0.1138,0.3871,1670,0.3481,4,0.7374,0.7152
2068,MYDIN TUNJUNG,2025,46.9,0.1302,0.4119,5240,0.3376,3.3,0.7711,0.4415
2123,UPTOWN JELAWAT,2025,53.2,0.1134,0.3722,1900,0.3391,3.7,0.8467,0.5675
2173,BANDAR TASEK RAJA,2025,56.1,0.1072,0.361,1670,0.3079,3.9,0.6728,0.5732
2185,TAMAN KENANGAN,2025,56.6,0.1,0.3946,840,0.2728,3.9,0.7534,0.54
2201,LAMAN FIRDAUS KUALA KRAI,2025,50.2,0.1081,0.3459,420,0.3324,3.6,0.752,0.5231
2219,G-ORANGE GUA MUSANG,2025,52.3,0.1093,0.3557,1350,0.4004,3.8,0.7729,0.35
2224,TANAH MERAH,2025,59.5,0.1161,0.3687,1580,0.4254,4,0.8904,0.5412
100,THE CURVE,2025,51.6,0.1001,0.3851,2510,0.2337,3.5,0.4926,0.5845
150,BANDAR SRI DAMANSARA,2025,46.5,0.1364,0.3642,600,0.2815,3.3,0.6382,0.5947
262,ONE UTAMA SHOPPING CENTRE,2025,60.9,0.1,0.4238,7010,0.2142,3.5,0.583,0.4795
314,LOTUS'S MUTIARA,2025,43,0.135,0.3403,740,0.2505,3.1,0.5159,0.387
488,DESA PARKCITY,2025,55.4,0.1156,0.401,650,0.3106,3.6,0.5216,0.5899
528,IPC SHOPPING CENTER,2025,43,0.1186,0.3657,420,0.2063,3.2,0.45,0.4044
573,ATIVO PLAZA,2025,57.8,0.1112,0.3951,840,0.2605,3.7,0.5358,0.687
598,PLAZA ARKADIA,2025,51.4,0.1146,0.4185,1620,0.2545,3.4,0.5384,0.4778
2108,DAMANSARA PERDANA,2025,51.8,0.1064,0.3652,600,0.2532,3.6,0.5306,0.6451
2137,PELANGI SQUARE,2025,43,0.1126,0.3276,400,0.1844,3.1,0.45,0.5305
2226,ATRIA MALL,2025,46,0.1212,0.3967,400,0.2471,3.1,0.4635,0.35
2237,MEGAH RISE MALL,2025,44.5,0.1227,0.4055,400,0.238,3,0.5622,0.35
202,PASIR TUMBUH,2025,52.6,0.1128,0.3327,2320,0.3773,3.9,0.7992,0.5029
227,LOTUS'S KOTA BHARU,2025,45.4,0.1268,0.4157,2230,0.3336,3.3,0.7332,0.5345
250,KUBANG KERIAN,2025,49.6,0.1178,0.3417,2410,0.3962,3.4,0.7712,0.633
413,G-ORANGE HOME MART,2025,55.2,0.1025,0.4108,930,0.3085,3.8,0.6964,0.6247
427,WAKAF CHE YEH,2025,48.4,0.1127,0.3167,1390,0.3203,3.6,0.7516,0.7311
429,PASIR MAS,2025,50.4,0.1146,0.3,1620,0.3499,3.7,0.8718,0.6436
442,AEON MALL KOTA BAHRU,2025,52.1,0.1,0.357,4180,0.3473,3.5,0.7762,0.5084
686,JALAN PARIT DALAM KB,2025,54.6,0.1186,0.3825,2650,0.4076,3.7,0.7904,0.8066
2027,PASIR PUTEH,2025,55.1,0.1236,0.377,3530,0.3772,3.8,0.7902,0.5564
2066,PENGKALAN CHEPA,2025,49.5,0.1345,0.4038,2690,0.3675,3.6,0.6223,0.5663
2080,BANDAR BENTARA TUMPAT,2025,56.9,0.1132,0.3821,2180,0.4082,3.9,0.7679,0.584
2162,UDA MURNI,2025,51.7,0.1195,0.361,1160,0.3856,3.8,0.858,0.5423
2238,KOK LANAS,2025,54.8,0.1093,0.3969,420,0.3926,3.8,0.6996,0.5706
175,DUNGUN TERENGGANU,2025,53.2,0.1257,0.3567,2830,0.3022,3.9,0.7005,0.808
177,CHUKAI,2025,46.2,0.1201,0.3163,1440,0.3151,3.6,0.6705,0.7098
303,MESRA MALL,2025,45,0.1244,0.3879,1210,0.2265,3.4,0.45,0.4915
319,KUALA BERANG,2025,43.9,0.1125,0.3001,700,0.2564,3.4,0.7348,0.4933
361,PAKA TERENGGANU,2025,52.6,0.1218,0.3667,1530,0.3029,3.9,0.6756,0.8051
675,CHUKAI 2,2025,53.9,0.1358,0.3621,1670,0.3321,4,0.6596,0.6959
2012,DUNGUN 2,2025,48.3,0.1237,0.3242,1620,0.2938,3.7,0.6828,0.7674
2139,KUALA BERANG 2,2025,55.4,0.1089,0.3524,840,0.3227,3.9,0.6441,0.7258
2146,KEMAMAN EAST,2025,60.7,0.1136,0.3919,970,0.2738,4.1,0.6219,0.5978
2181,GONG BADAK,2025,57.6,0.1,0.3695,2830,0.2752,3.9,0.7082,0.7507
51,SS2,2025,43.4,0.1417,0.3754,420,0.1941,3.2,0.6211,0.5206
81,KOMPLEKS MUTIARA,2025,46.1,0.1228,0.3557,400,0.236,3.4,0.4769,0.4306
106,HARTAMAS SHOPPING CENTRE,2025,48,0.1106,0.3657,420,0.2148,3.3,0.45,0.5012
302,DESA SRI HARTAMAS,2025,43.1,0.1309,0.3461,400,0.2271,3.3,0.4924,0.5192
501,THE STARLING MALL,2025,49.3,0.1046,0.4106,930,0.2051,3.1,0.4683,0.4972
523,NU SENTRAL,2025,46.4,0.0996,0.3886,2460,0.1878,3.1,0.5032,0.4973
553,3 DAMANSARA,2025,46.7,0.1201,0.3794,560,0.2379,3.2,0.5043,0.5322
570,SENTUL BOULEVARD,2025,46.5,0.113,0.3,420,0.2426,3.5,0.5411,0.6235
603,SOLARIS MONT KIARA,2025,51.1,0.1159,0.359,400,0.2574,3.4,0.4721,0.5689
691,SUNWAY 163 MALL,2025,62.8,0.1,0.4264,1300,0.2061,3.5,0.45,0.5472
693,1 MONT KIARA,2025,45.8,0.1134,0.3689,420,0.2263,3,0.4775,0.4417
2042,MAXIM CITYLIGHTS,2025,46.2,0.1012,0.3435,970,0.2302,3.2,0.4824,0.5378
94,SB MALL,2025,50.8,0.1134,0.3507,2130,0.2969,3.7,0.6301,0.4489
168,DESA AMAN PURI,2025,45,0.1316,0.3341,600,0.236,3.2,0.6036,0.5946
171,DATARAN SUNWAY,2025,43.3,0.1252,0.3592,400,0.1928,3.1,0.45,0.6475
179,AMAN SURIA,2025,46.6,0.156,0.3577,400,0.3158,3.5,0.5766,0.5288
411,PARADIGM MALL,2025,56.6,0.1267,0.4149,1250,0.2369,3.6,0.5141,0.4815
432,CITTA MALL,2025,50.7,0.1002,0.4119,740,0.1844,3.2,0.4734,0.6428
521,SUNWAY GIZA,2025,47.7,0.1226,0.3946,460,0.2215,3.3,0.45,0.4967
607,SKYPARK SUBANG TERM,2025,43,0.1139,0.3738,400,0.17,3,0.45,0.485
664,TROPICANA GARDEN,2025,47.9,0.1057,0.42,1350,0.203,3.1,0.4676,0.4458
696,JALAN CECAWI,2025,44.1,0.1183,0.3185,400,0.1892,3.3,0.6594,0.6718
2020,TSB SG BULOH,2025,52.2,0.1073,0.337,700,0.2378,3.8,0.4991,0.7466
2087,SUBANG PERDANA,2025,59,0.1138,0.3527,1670,0.2729,4,0.6837,0.5334
38,AMCORP MALL,2025,45.1,0.12,0.3911,400,0.2506,3.3,0.4704,0.6611
76,PJ OLD TOWN,2025,47.9,0.1311,0.3256,600,0.308,3.6,0.5679,0.5244
96,PJ NEW TOWN,2025,45.6,0.121,0.3064,420,0.2455,3.4,0.5792,0.6055
299,MID VALLEY MEGAMALL,2025,61.7,0.1,0.4213,4500,0.1962,3.4,0.5177,0.5884
457,DAMANSARA CITY MALL,2025,44.2,0.1115,0.3881,600,0.2292,3.1,0.45,0.6306
491,JAYA 33,2025,44.4,0.1139,0.3752,400,0.208,3.2,0.45,0.513
529,MID VALLEY 2,2025,43,0.1118,0.3971,840,0.2073,3,0.5175,0.3916
581,KL ECO CITY,2025,43,0.1002,0.3487,400,0.2199,3,0.4697,0.5729
590,THE GARDENS MALL,2025,43,0.1425,0.3745,740,0.2824,3.3,0.569,0.5238
597,BANGSAR VILLAGE MALL,2025,48.9,0.1164,0.3893,420,0.232,3.1,0.466,0.4847
679,JALAN TELAWI BANGSAR,2025,54.2,0.1007,0.4078,400,0.1932,3.5,0.45,0.6077
2187,PAVILION DAMANSARA HEIGHTS,2025,53.3,0.1,0.452,790,0.2225,3.1,0.5497,0.35
207,JERTEH,2025,60,0.1138,0.3688,2230,0.413,4.2,0.7517,0.672
298,K. TERENGGANU,2025,58.8,0.1132,0.3896,650,0.295,3.9,0.6252,0.7459
583,PAYA KELADI,2025,51.7,0.1346,0.3212,700,0.39,4,0.7397,0.6406
606,PAYA BUNGA SQUARE,2025,44.2,0.115,0.3931,1390,0.2848,3.3,0.6987,0.48
621,MYDIN KUALA TERENGGANU,2025,51,0.1365,0.3863,1390,0.3142,3.7,0.6553,0.5428
669,KTCC MALL,2025,53.5,0.1089,0.3776,1810,0.3046,3.7,0.678,0.4276
2131,RIMBA SQUARE,2025,56.1,0.1177,0.3597,650,0.2958,4,0.7626,0.5424
2152,KG RAJA BESUT,2025,52.4,0.1182,0.3542,1210,0.3365,3.8,0.7219,0.6706
2251,MAYANG MALL,2025,43.2,0.11,0.3333,400,0.17,3.2,0.45,0.4273
